{
  "mean": [
    2.1519748139668002,
    4.1860904407555815,
    38.538780767029195,
    105.22209502003435
  ],
  "scale": [
    0.7178127301496278,
    2.6460327679579567,
    0.1366614840031529,
    15.70546423478542
  ],
  "feature_names": [
    "age",
    "weight",
    "body_temperature",
    "heart_rate"
  ],
  "usage": "scaled = (raw - mean) / scale"
}